{"Factory":{
	"Controller":{
		"PropNav":{
			"class":"PropNav",
			"config":{
				"interval":{
					"unit":"time",
					"perceive":0.1,
					"control":0.1,
					"behave":0.1
				},
				"G":15
			}
		},
		"MassPointFighter::FlightController":{
			"class":"MassPointFighter::FlightController",
			"config":{
				"interval":{
					"unit":"time",
					"perceive":0.1,
					"control":0.1,
					"behave":0.1
				}
			}
		},
		"CoordinatedFighter::FlightController":{
			"class":"CoordinatedFighter::FlightController",
			"config":{
				"interval":{
					"unit":"time",
					"perceive":0.1,
					"control":0.1,
					"behave":0.1
				},
				"lambdaVel":1.0,
				"lambdaTheta":1.0,
				"clampTheta":45.0,
				"kVel":10.0,
				"kAccel":10.0,
				"kPower":20.0,
				"kTheta":10000.0,
				"kOmega":10000.0,
				"kAoa":10000.0,
				"kEps":0.1,
				"pitchLimit":0,
				"pitchLimitThreshold":0,
				"altitudeKeeper":{
					"pGain":-3e-1,
					"dGain":-1e-1,
					"minPitch":-0.524,
					"maxPitch":0.524
				}
			}
		},
		"SixDoFFighter::FlightController":{
			"class":"SixDoFFighter::FlightController",
			"config":{
				"interval":{
					"unit":"time",
					"perceive":0.1,
					"control":0.1,
					"behave":0.1
				},
				"commandParser":{
					"@dstV":{
						"scale":1e0,
						"Q":[1,0]
					},
					"@dstAccel":{
						"scale":1e0,
						"Q":[5e0]
					},
					"@dstThrust":{
						"scale":1e0,
						"Q":[1e-3]
					},
					"@dstThrottle":{
						"scale":1e0,
						"Q":[1e2]
					},
					"@Ps":{
						"scale":10,
						"Q":[1e3,0]
					},
					"@Nyr":{
						"scale":1.0,
						"Q":[1e0]
					},
					"@Nz":{
						"scale":1,
						"Q":[5e1]
					},
					"@OmegaB":{
						"scale":1e0,
						"Q":[1e2,1e4,1e2,0,0,0]
					},
					"@NegativeAlphaLimitter":{
						"limit":-0.05,
						"scale":1e2,
						"sharpness":5e-1,
						"Q":[1e4,0]
					},
					"@PositiveAlphaLimitter":{
						"limit":0.25,
						"scale":1e2,
						"sharpness":5e-1,
						"Q":[1e4,0]
					},
					"@AlphaDotLimitter":{
						"scale":1e0,
						"Q":[1e4]
					}
				},
				"PositiveNzLimit":9.0,
				"NegativeNzLimit":3.5,
				"maxNyrCmd":2.0,
				"maxPsCmd":2.0,
				"kPsCmdP":0.25,
				"kPsCmdD":-5.0,
				"kNzCmdP":10.0,
				"kNzCmdD":-5.0,
				"kNyrCmdP":30.0,
				"kNyrCmdD":-5.0,
				"altitudeKeeper":{
					"pGain":-3e-1,
					"dGain":-1e-1,
					"minPitch":-0.524,
					"maxPitch":0.524
				}
			}
		},
		"Fighter::HumanIntervention":{
			"class":"Fighter::HumanIntervention",
			"config":{
				"interval":{
					"unit":"time",
					"perceive":0.1,
					"control":0.1,
					"behave":0.1
				},
				"capacity":1,
				"delay":3.0,
				"cooldown":0.999
			}
		},
		"Fighter::SensorDataSharer":{
			"class":"Fighter::SensorDataSharer",
			"config":{
				"interval":{
					"unit":"time",
					"perceive":0.1,
					"control":0.1,
					"behave":0.1
				}
			}
		},
		"Fighter::SensorDataSanitizer":{
			"class":"Fighter::SensorDataSanitizer",
			"config":{
				"interval":{
					"unit":"time",
					"perceive":0.1,
					"control":0.1,
					"behave":0.1
				}
			}
		},
		"Fighter::OtherDataSharer":{
			"class":"Fighter::OtherDataSharer",
			"config":{
				"interval":{
					"unit":"time",
					"perceive":0.1,
					"control":0.1,
					"behave":0.1
				}
			}
		},
		"Fighter::OtherDataSanitizer":{
			"class":"Fighter::OtherDataSanitizer",
			"config":{
				"interval":{
					"unit":"time",
					"perceive":0.1,
					"control":0.1,
					"behave":0.1
				}
			}
		},
		"Fighter::WeaponController":{
			"class":"Fighter::WeaponController",
			"config":{
				"interval":{
					"unit":"time",
					"perceive":0.1,
					"control":0.1,
					"behave":0.1
				}
			}
		}
	}
}
}
