{
    "model":{
        "custom_model":"R4TorchNNSampleForRay",
        "custom_model_config":{
            "use_lstm": true,
            "lstm_cell_size": 256,
            "fcnet_hiddens":[256],
            "pos_conv": {
                "layers": [
                    ["Conv2d",{"kernel_size": 7,"out_channels": 32,"padding": 3,"stride": 2}],
                    ["BatchNorm2d",{}],
                    ["ReLU",{}],
                    ["ResidualBlock",{
                        "layers":[
                            ["Conv2d",{"kernel_size": 3,"out_channels": 32,"padding": 1}],
                            ["BatchNorm2d",{}],
                            ["ReLU",{}],
                            ["Conv2d",{"kernel_size": 3,"out_channels": 32,"padding": 1}],
                            ["BatchNorm2d",{}]
                        ]}],
                    ["ReLU",{}],
                    ["Conv2d",{"kernel_size": 4,"out_channels": 64,"padding": 1,"stride": 2}],
                    ["BatchNorm2d",{}],
                    ["ReLU",{}],
                    ["ResidualBlock",{
                        "layers":[
                            ["Conv2d",{"kernel_size": 3,"out_channels": 64,"padding": 1}],
                            ["BatchNorm2d",{}],
                            ["ReLU",{}],
                            ["Conv2d",{"kernel_size": 3,"out_channels": 64,"padding": 1}],
                            ["BatchNorm2d",{}]
                        ]}],
                    ["ReLU",{}],
                    ["Conv2d",{"kernel_size": 4,"out_channels": 128,"padding": 1,"stride": 2}],
                    ["BatchNorm2d",{}],
                    ["ReLU",{}],
                    ["ResidualBlock",{
                        "layers":[
                            ["Conv2d",{"kernel_size": 3,"out_channels": 128,"padding": 1}],
                            ["BatchNorm2d",{}],
                            ["ReLU",{}],
                            ["Conv2d",{"kernel_size": 3,"out_channels": 128,"padding": 1}],
                            ["BatchNorm2d",{}]
                        ]}],
                    ["ReLU",{}],
                    ["AdaptiveAvgPool2d",{"output_size": 1}],
                    ["Flatten",{}]
                ]
            },
            "dense": {
                "layers": [
                    ["Linear",{"out_features": 256}],
                    ["ReLU",{}],
                    ["ResidualBlock",{
                        "layers":[
                            ["Linear",{"out_features": 256}],
                            ["BatchNorm1d",{}],
                            ["ReLU",{}],
                            ["Linear",{"out_features": 256}],
                            ["BatchNorm1d",{}]
                        ]}],
                    ["ReLU",{}],
                    ["ResidualBlock",{
                        "layers":[
                            ["Linear",{"out_features": 256}],
                            ["BatchNorm1d",{}],
                            ["ReLU",{}],
                            ["Linear",{"out_features": 256}],
                            ["BatchNorm1d",{}]
                        ]}]
                ]
            },
            "merge": {
                "layers": [
                    ["ReLU",{}]
                ]
            },
            "value":{
                "layers": [
                    ["Linear",{"out_features": 64}],
                    ["ReLU",{}],
                    ["Linear",{"out_features": 64}],
                    ["ReLU",{}]
                ]
            },
            "action":{
                "layers": [
                    ["Linear",{"out_features": 128}],
                    ["ReLU",{}],
                    ["Linear",{"out_features": 128}],
                    ["ReLU",{}]
                ]
            }
        },
        "max_seq_len":64
    },
    "framework":"torch"
}
