{
    "Manager":{
        "Rewards":[
            {"model":"MyWinLoseRewardSample","target":"All"},
            {"model":"MyInstantZerosumScoreRewardSample","target":"All"},
            {"model":"MyTeamRewardSample","target":"All"},
            {"model":"MyAgentRewardSample","target":"All"}
        ],
        "AgentConfigDispatcher":{
            "Initial_e":{"type":"Internal","model":"R4RandomInitial"},
            "Learner_e":{"type":"External","model":"MyAgentSample01S","policy":"Learner"},
            "Expert_e":{"type":"ExpertBI","imitatorModel":"MyAgentSample01S","expertModel":"R4RandomInitial","identifier":"Traj1"},
            "Learner":{"type":"broadcast","number":4,
                "element":{"type":"alias","alias":"Learner_e"}
            },
            "Initial":{"type":"broadcast","number":4,
                "element":{"type":"alias","alias":"Initial_e"}
            },
            "Expert":{"type":"broadcast","number":4,
                "element":{"type":"alias","alias":"Expert_e"},
                "overrider":[
                    {"type":"group","order":"fixed","elements":[
                        {"type":"direct","value":{"identifier":"Traj1"}},
                        {"type":"direct","value":{"identifier":"Traj2"}},
                        {"type":"direct","value":{"identifier":"Traj3"}},
                        {"type":"direct","value":{"identifier":"Traj4"}}
                    ]}
                ]
            },
            "BlueAgents":{
                "type":"alias","alias":"Learner",
                "overrider":[
                    {"type":"group","order":"fixed","elements":[
                        {"type":"direct","value":{"name":"Blue1"}},
                        {"type":"direct","value":{"name":"Blue2"}},
                        {"type":"direct","value":{"name":"Blue3"}},
                        {"type":"direct","value":{"name":"Blue4"}}
                    ]}
                ]
            },
            "RedAgents":{
                "type":"alias","alias":"Initial",
                "overrider":[
                    {"type":"group","order":"fixed","elements":[
                        {"type":"direct","value":{"name":"Red1"}},
                        {"type":"direct","value":{"name":"Red2"}},
                        {"type":"direct","value":{"name":"Red3"}},
                        {"type":"direct","value":{"name":"Red4"}}
                    ]}
                ]
            }
        }
    }
}
