{
    "Manager":{
        "TimeStep":{"baseTimeStep":0.05,"agentInterval":20},
        "Ruler":"R4ContestRuler",
        "Assets":{
            "type":"group",
            "Blue":{"type":"group","order":"fixed",
                "names":["Blue1","Blue2","Blue3","Blue4"],
                "elements":[
                    {"type":"alias","alias":"Fighters","instance":"Same","index":0},
                    {"type":"alias","alias":"Fighters","instance":"Same","index":1},
                    {"type":"alias","alias":"Fighters","instance":"Same","index":2},
                    {"type":"alias","alias":"Fighters","instance":"Same","index":3}
                ],
                "overrider":[
                    {"type":"broadcast","number":4,
                    "element":{"type":"alias","alias":"OnEastLine"}},
                    {"type":"broadcast","number":4,
                    "element":{"type":"direct","value":{
                        "instanceConfig":{"datalinkName":"BlueDatalink"}
                    }}},
                    {"type":"group","order":"fixed","elements":[
                        {"type":"direct","value":{"Agent":{"type":"alias","alias":"BlueAgents","instance":"g1","index":0}}},
                        {"type":"direct","value":{"Agent":{"type":"alias","alias":"BlueAgents","instance":"g1","index":1}}},
                        {"type":"direct","value":{"Agent":{"type":"alias","alias":"BlueAgents","instance":"g1","index":2}}},
                        {"type":"direct","value":{"Agent":{"type":"alias","alias":"BlueAgents","instance":"g1","index":3}}}
                    ]}
                ]
            },
            "Red":{"type":"group","order":"fixed",
                "names":["Red1","Red2","Red3","Red4"],
                "elements":[
                    {"type":"alias","alias":"Fighters","instance":"Same","index":0},
                    {"type":"alias","alias":"Fighters","instance":"Same","index":1},
                    {"type":"alias","alias":"Fighters","instance":"Same","index":2},
                    {"type":"alias","alias":"Fighters","instance":"Same","index":3}
                ],
                "overrider":[
                    {"type":"broadcast","number":4,
                    "element":{"type":"alias","alias":"OnWestLine"}},
                    {"type":"broadcast","number":4,
                    "element":{"type":"direct","value":{
                        "instanceConfig":{"datalinkName":"RedDatalink"}
                    }}},
                    {"type":"group","order":"fixed","elements":[
                        {"type":"direct","value":{"Agent":{"type":"alias","alias":"RedAgents","instance":"g1","index":0}}},
                        {"type":"direct","value":{"Agent":{"type":"alias","alias":"RedAgents","instance":"g1","index":1}}},
                        {"type":"direct","value":{"Agent":{"type":"alias","alias":"RedAgents","instance":"g1","index":2}}},
                        {"type":"direct","value":{"Agent":{"type":"alias","alias":"RedAgents","instance":"g1","index":3}}}
                    ]}
                ]
            }
        },
        "CommunicationBuffers":{
            "BlueDatalink":{"participants":["PhysicalAsset:Blue/Blue[0-9]+"]},
            "RedDatalink":{"participants":["PhysicalAsset:Red/Red[0-9]+"]}
        },
        "AssetConfigDispatcher":{
            "Large":{"type":"PhysicalAsset","model":"R4ContestFighterLarge"},
            "Small":{"type":"PhysicalAsset","model":"R4ContestFighterSmall"},
            "OnWestLine":{"type":"direct",
                "value":{"instanceConfig":{
                    "pos":{"type":"uniform","low":[-20000,-100000,-10000],"high":[20000,-100000,-10000]},
                    "vel":300,
                    "heading":90
                }}
            },
            "OnEastLine":{"type":"direct",
                "value":{"instanceConfig":{
                    "pos":{"type":"uniform","low":[-20000,100000,-10000],"high":[20000,100000,-10000]},
                    "vel":300,
                    "heading":270
                }}
            },
            "Fighters":{
                "type":"group","order":"fixed",
                "elements":[
                    {"type":"alias","alias":"Large"},
                    {"type":"alias","alias":"Large"},
                    {"type":"alias","alias":"Small"},
                    {"type":"alias","alias":"Small"}
                ]
            }
        }
    }
}
