{
    "head_ip_address":"auto",
    "entrypoint_ip_address":"127.0.0.1",
    "seed":12345,
    "train_steps":20000,
    "checkpoint_interval":100,
    "save_dir":"./results/Single",
    "experiment_name":"Imitation",
    "restore":null,
    "trainer_common_config":{
        "disable_env_checking":true,
        "env_config":{
            "config":[
                "./configs/R4_contest_mission_config.json",
                "./configs/R4_contest_learning_config_S.json",
                "./configs/R4_contest_asset_models.json",
                "./configs/R4_contest_agent_ruler_reward_models.json",
                {
                    "Manager":{
                        "ViewerType":"None",
                        "Callbacks":{},
                        "Loggers":{}
                    }
                }
            ],
            "target":"Blue"
        },
        "input":"./experts/Single/Traj*/*.json",
        "input_evaluation":[],
        "model":{
            "custom_model":"R4TorchNNSampleForRay",
            "custom_model_config":{
                "use_lstm": true,
                "lstm_cell_size": 256,
                "fcnet_hiddens":[256],
                "pos_conv": {
                    "layers": [
                        ["Conv2d",{"kernel_size": 7,"out_channels": 32,"padding": 3,"stride": 2}],
                        ["BatchNorm2d",{}],
                        ["ReLU",{}],
                        ["ResidualBlock",{
                            "layers":[
                                ["Conv2d",{"kernel_size": 3,"out_channels": 32,"padding": 1}],
                                ["BatchNorm2d",{}],
                                ["ReLU",{}],
                                ["Conv2d",{"kernel_size": 3,"out_channels": 32,"padding": 1}],
                                ["BatchNorm2d",{}]
                            ]}],
                        ["ReLU",{}],
                        ["Conv2d",{"kernel_size": 4,"out_channels": 64,"padding": 1,"stride": 2}],
                        ["BatchNorm2d",{}],
                        ["ReLU",{}],
                        ["ResidualBlock",{
                            "layers":[
                                ["Conv2d",{"kernel_size": 3,"out_channels": 64,"padding": 1}],
                                ["BatchNorm2d",{}],
                                ["ReLU",{}],
                                ["Conv2d",{"kernel_size": 3,"out_channels": 64,"padding": 1}],
                                ["BatchNorm2d",{}]
                            ]}],
                        ["ReLU",{}],
                        ["Conv2d",{"kernel_size": 4,"out_channels": 128,"padding": 1,"stride": 2}],
                        ["BatchNorm2d",{}],
                        ["ReLU",{}],
                        ["ResidualBlock",{
                            "layers":[
                                ["Conv2d",{"kernel_size": 3,"out_channels": 128,"padding": 1}],
                                ["BatchNorm2d",{}],
                                ["ReLU",{}],
                                ["Conv2d",{"kernel_size": 3,"out_channels": 128,"padding": 1}],
                                ["BatchNorm2d",{}]
                            ]}],
                        ["ReLU",{}],
                        ["AdaptiveAvgPool2d",{"output_size": 1}],
                        ["Flatten",{}]
                    ]
                },
                "dense": {
                    "layers": [
                        ["Linear",{"out_features": 256}],
                        ["ReLU",{}],
                        ["ResidualBlock",{
                            "layers":[
                                ["Linear",{"out_features": 256}],
                                ["BatchNorm1d",{}],
                                ["ReLU",{}],
                                ["Linear",{"out_features": 256}],
                                ["BatchNorm1d",{}]
                            ]}],
                        ["ReLU",{}],
                        ["ResidualBlock",{
                            "layers":[
                                ["Linear",{"out_features": 256}],
                                ["BatchNorm1d",{}],
                                ["ReLU",{}],
                                ["Linear",{"out_features": 256}],
                                ["BatchNorm1d",{}]
                            ]}]
                    ]
                },
                "merge": {
                    "layers": [
                        ["ReLU",{}]
                    ]
                },
                "value":{
                    "layers": [
                        ["Linear",{"out_features": 64}],
                        ["ReLU",{}],
                        ["Linear",{"out_features": 64}],
                        ["ReLU",{}]
                    ]
                },
                "action":{
                    "layers": [
                        ["Linear",{"out_features": 128}],
                        ["ReLU",{}],
                        ["Linear",{"out_features": 128}],
                        ["ReLU",{}]
                    ]
                }
            },
            "max_seq_len":64
        },
        "batch_mode":"complete_episodes",
        "beta":0.6,
        "replay_buffer_size": 64000,
        "train_batch_size":2048,
        "replay_sequence_length":64,
        "num_gpus":1,
        "lr":1e-4,
        "num_workers":1,
        "framework":"torch"
    },
    "trainers":{
        "Learner":{
            "trainer_type":"RNNMARWIL",
            "config_overrider":null,
            "policies_to_train":["Learner"]
        }
    },
    "policies":{
        "Learner":{
            "initial_weight":null,
            "save_path_at_the_end":"./results/Single/InitialWeight.dat"
        }
    }
}
